{
  "data": [
    [
      {
        "sl_no": 1,
        "business_code": "U001",
        "business_name": "Johnson and Johnson",
        "cust_number": 200769623,
        "name_customer": "PIO associates",
        "clear_date": "2020-02-11",
        "buisness_year": "2020",
        "doc_id": "1930438491",
        "posting_date": "2020-01-26",
        "document_create_date": "2020-01-25",
        "document_create_date1": "2020-01-26",
        "due_in_date": "2020-02-10",
        "invoice_currency": "USD",
        "document_type": "RV",
        "posting_id": 1,
        "area_business": "",
        "total_open_amount": 54273.28,
        "baseline_create_date": "2020-01-26",
        "cust_payment_terms": "NAH4",
        "invoice_id": 1930438491,
        "isOpen": 0,
        "predicted": 0,
        "aging_bucket": "0"
      },
      {
        "sl_no": 2,
        "business_code": "U001",
        "business_name": "Johnson and Johnson",
        "cust_number": 200980828,
        "name_customer": "SYS systems",
        "clear_date": "2019-08-08",
        "buisness_year": "2019",
        "doc_id": "1929646410",
        "posting_date": "2019-07-22",
        "document_create_date": "2019-07-22",
        "document_create_date1": "2019-07-22",
        "due_in_date": "2019-08-11",
        "invoice_currency": "USD",
        "document_type": "RV",
        "posting_id": 1,
        "area_business": "",
        "total_open_amount": 79656.6,
        "baseline_create_date": "2019-07-22",
        "cust_payment_terms": "NAD1",
        "invoice_id": 1929646410,
        "isOpen": 0,
        "predicted": 0,
        "aging_bucket": "0"
      },
      {
        "sl_no": 3,
        "business_code": "U001",
        "business_name": "Johnson and Johnson",
        "cust_number": 200792734,
        "name_customer": "SUPERB us",
        "clear_date": "2019-12-30",
        "buisness_year": "2019",
        "doc_id": "1929873765",
        "posting_date": "2019-09-14",
        "document_create_date": "2019-09-14",
        "document_create_date1": "2019-09-14",
        "due_in_date": "2019-09-29",
        "invoice_currency": "USD",
        "document_type": "RV",
        "posting_id": 1,
        "area_business": "",
        "total_open_amount": 2253.86,
        "baseline_create_date": "2019-09-14",
        "cust_payment_terms": "NAA8",
        "invoice_id": 1929873765,
        "isOpen": 0,
        "predicted": 0,
        "aging_bucket": "0"
      },
      {
        "sl_no": 4,
        "business_code": "CA02",
        "business_name": "Unilever",
        "cust_number": 140105686,
        "name_customer": "SING co",
        "buisness_year": "2020",
        "doc_id": "2960623488",
        "posting_date": "2020-03-30",
        "document_create_date": "2020-03-30",
        "document_create_date1": "2020-03-30",
        "due_in_date": "2020-04-10",
        "invoice_currency": "CAD",
        "document_type": "RV",
        "posting_id": 1,
        "area_business": "",
        "total_open_amount": 3299.7,
        "baseline_create_date": "2020-03-31",
        "cust_payment_terms": "CA10",
        "invoice_id": 2147483647,
        "isOpen": 1,
        "predicted": 0,
        "aging_bucket": "0"
      },
      {
        "sl_no": 5,
        "business_code": "U001",
        "business_name": "Johnson and Johnson",
        "cust_number": 200769623,
        "name_customer": "PIO associates",
        "clear_date": "2019-11-25",
        "buisness_year": "2019",
        "doc_id": "1930147974",
        "posting_date": "2019-11-13",
        "document_create_date": "2019-11-13",
        "document_create_date1": "2019-11-13",
        "due_in_date": "2019-11-28",
        "invoice_currency": "USD",
        "document_type": "RV",
        "posting_id": 1,
        "area_business": "",
        "total_open_amount": 33133.29,
        "baseline_create_date": "2019-11-13",
        "cust_payment_terms": "NAH4",
        "invoice_id": 1930147974,
        "isOpen": 0,
        "predicted": 0,
        "aging_bucket": "0"
      },
      {
        "sl_no": 6,
        "business_code": "CA02",
        "business_name": "Unilever",
        "cust_number": 140106181,
        "name_customer": "ITWA in",
        "clear_date": "2019-12-04",
        "buisness_year": "2019",
        "doc_id": "2960581231",
        "posting_date": "2019-09-20",
        "document_create_date": "2019-09-20",
        "document_create_date1": "2019-09-20",
        "due_in_date": "2019-10-04",
        "invoice_currency": "CAD",
        "document_type": "RV",
        "posting_id": 1,
        "area_business": "",
        "total_open_amount": 22225.84,
        "baseline_create_date": "2019-09-24",
        "cust_payment_terms": "CA10",
        "invoice_id": 2147483647,
        "isOpen": 0,
        "predicted": 0,
        "aging_bucket": "0"
      },
      {
        "sl_no": 7,
        "business_code": "U001",
        "business_name": "Johnson and Johnson",
        "cust_number": 200769623,
        "name_customer": "PIO associates",
        "clear_date": "2019-11-12",
        "buisness_year": "2019",
        "doc_id": "1930083373",
        "posting_date": "2019-11-01",
        "document_create_date": "2019-10-31",
        "document_create_date1": "2019-11-01",
        "due_in_date": "2019-11-16",
        "invoice_currency": "USD",
        "document_type": "RV",
        "posting_id": 1,
        "area_business": "",
        "total_open_amount": 7358.49,
        "baseline_create_date": "2019-11-01",
        "cust_payment_terms": "NAH4",
        "invoice_id": 1930083373,
        "isOpen": 0,
        "predicted": 0,
        "aging_bucket": "0"
      },
      {
        "sl_no": 8,
        "business_code": "U001",
        "business_name": "Johnson and Johnson",
        "cust_number": 200744019,
        "name_customer": "KAGO associates",
        "buisness_year": "2020",
        "doc_id": "1930659387",
        "posting_date": "2020-03-19",
        "document_create_date": "2020-03-18",
        "document_create_date1": "2020-03-19",
        "due_in_date": "2020-04-03",
        "invoice_currency": "USD",
        "document_type": "RV",
        "posting_id": 1,
        "area_business": "",
        "total_open_amount": 11173.02,
        "baseline_create_date": "2020-03-19",
        "cust_payment_terms": "NAA8",
        "invoice_id": 1930659387,
        "isOpen": 1,
        "predicted": 0,
        "aging_bucket": "0"
      },
      {
        "sl_no": 9,
        "business_code": "U001",
        "business_name": "Johnson and Johnson",
        "cust_number": 200769623,
        "name_customer": "PIO associates",
        "clear_date": "2019-06-18",
        "buisness_year": "2019",
        "doc_id": "1929439637",
        "posting_date": "2019-06-07",
        "document_create_date": "2019-06-05",
        "document_create_date1": "2019-06-07",
        "due_in_date": "2019-06-22",
        "invoice_currency": "USD",
        "document_type": "RV",
        "posting_id": 1,
        "area_business": "",
        "total_open_amount": 15995.04,
        "baseline_create_date": "2019-06-07",
        "cust_payment_terms": "NAH4",
        "invoice_id": 1929439637,
        "isOpen": 0,
        "predicted": 0,
        "aging_bucket": "0"
      },
      {
        "sl_no": 10,
        "business_code": "U001",
        "business_name": "Johnson and Johnson",
        "cust_number": 200762301,
        "name_customer": "GODL corp",
        "clear_date": "2019-03-06",
        "buisness_year": "2019",
        "doc_id": "1928819386",
        "posting_date": "2019-02-20",
        "document_create_date": "2019-02-19",
        "document_create_date1": "2019-02-20",
        "due_in_date": "2019-03-07",
        "invoice_currency": "USD",
        "document_type": "RV",
        "posting_id": 1,
        "area_business": "",
        "total_open_amount": 28.63,
        "baseline_create_date": "2019-02-20",
        "cust_payment_terms": "NAC6",
        "invoice_id": 1928819386,
        "isOpen": 0,
        "predicted": 0,
        "aging_bucket": "0"
      },
      {
        "sl_no": 11,
        "business_code": "U001",
        "business_name": "Johnson and Johnson",
        "cust_number": 200418007,
        "name_customer": "COAS trust",
        "buisness_year": "2020",
        "doc_id": "1930610806",
        "posting_date": "2020-03-11",
        "document_create_date": "2020-03-06",
        "document_create_date1": "2020-03-11",
        "due_in_date": "2020-03-26",
        "invoice_currency": "USD",
        "document_type": "RV",
        "posting_id": 1,
        "area_business": "",
        "total_open_amount": 3525.59,
        "baseline_create_date": "2020-03-11",
        "cust_payment_terms": "NAA8",
        "invoice_id": 1930610806,
        "isOpen": 1,
        "predicted": 0,
        "aging_bucket": "0"
      },
      {
        "sl_no": 12,
        "business_code": "U001",
        "business_name": "Johnson and Johnson",
        "cust_number": 200743129,
        "name_customer": "AM corporation",
        "clear_date": "2019-01-22",
        "buisness_year": "2019",
        "doc_id": "1928550622",
        "posting_date": "2019-01-02",
        "document_create_date": "2019-01-02",
        "document_create_date1": "2019-01-02",
        "due_in_date": "2019-01-17",
        "invoice_currency": "USD",
        "document_type": "RV",
        "posting_id": 1,
        "area_business": "",
        "total_open_amount": 103147.37,
        "baseline_create_date": "2019-01-02",
        "cust_payment_terms": "NAA8",
        "invoice_id": 1928550622,
        "isOpen": 0,
        "predicted": 0,
        "aging_bucket": "0"
      }
    ]
  ]
}