{
  "data": [
    {
      "id": 1,
      "sl_no": 1,
      "business_code": "U001",
      "business_name": "Johnson and Johnson",
      "cust_number": 200980828,
      "name_customer": "SYS systems",
      "clear_date": "2019-08-08",
      "buisness_year": "2019",
      "doc_id": "1929646410",
      "posting_date": "2019-07-22",
      "document_create_date": "2019-07-22",
      "document_create_date1": "2019-07-22",
      "due_in_date": "2019-08-11",
      "invoice_currency": "asdf",
      "document_type": "RV",
      "posting_id": 1,
      "area_business": "",
      "total_open_amount": 79656.6,
      "baseline_create_date": "2019-07-22",
      "cust_payment_terms": "Custom",
      "invoice_id": 1929646410,
      "isOpen": 0,
      "predicted": 0,
      "aging_bucket": "0"
    },
    {
      "id": 3,
      "sl_no": 3,
      "business_code": "U001",
      "business_name": "Johnson and Johnson",
      "cust_number": 200980828,
      "name_customer": "SYS systems",
      "clear_date": "2019-08-08",
      "buisness_year": "2019",
      "doc_id": "1929646410",
      "posting_date": "2019-07-22",
      "document_create_date": "2019-07-22",
      "document_create_date1": "2019-07-22",
      "due_in_date": "2019-08-11",
      "invoice_currency": "USD",
      "document_type": "RV",
      "posting_id": 1,
      "area_business": "",
      "total_open_amount": 79656.6,
      "baseline_create_date": "2019-07-22",
      "cust_payment_terms": "TEst",
      "invoice_id": 1929646410,
      "isOpen": 0,
      "predicted": 0,
      "aging_bucket": "0"
    },
    {
      "sl_no": 4,
      "business_code": "U001",
      "business_name": null,
      "cust_number": "23454",
      "name_customer": null,
      "clear_date": "2020-02-12",
      "buisness_year": "2020",
      "doc_id": "43534545",
      "posting_date": "2020-02-12",
      "document_create_date": "2020-02-12",
      "document_create_date1": null,
      "due_in_date": "2020-02-12",
      "invoice_currency": "CAD",
      "document_type": "RV",
      "posting_id": "454261",
      "area_business": null,
      "total_open_amount": "5485.544",
      "baseline_create_date": "2020-02-12",
      "cust_payment_terms": "1",
      "invoice_id": "4543252435",
      "isOpen": null,
      "predicted": null,
      "aging_bucket": null,
      "id": 4
    },
    {
      "sl_no": 7,
      "business_code": "asdf",
      "cust_number": "adsf",
      "clear_date": "adsf",
      "buisness_year": "asfd",
      "doc_id": "asdf",
      "posting_date": "asdf",
      "document_create_date": "adsf",
      "due_in_date": "asf",
      "invoice_currency": "asdf",
      "document_type": "sf",
      "posting_id": "asdf",
      "total_open_amount": "34535",
      "baseline_create_date": "adsf",
      "cust_payment_terms": "a",
      "invoice_id": "asdf",
      "business_name": null,
      "name_customer": null,
      "document_create_date1": null,
      "isOpen": null,
      "predicted": null,
      "aging_bucket": null,
      "area_business": null,
      "id": 5
    },
    {
      "sl_no": 8,
      "business_code": "adsg",
      "cust_number": "sdfgsdh",
      "clear_date": "gf",
      "buisness_year": "dg",
      "doc_id": "dsgf",
      "posting_date": "dsf",
      "document_create_date": "dsrtwey",
      "due_in_date": "ewrg",
      "invoice_currency": "sdfg",
      "document_type": "gsdh",
      "posting_id": "eg",
      "total_open_amount": "4654564",
      "baseline_create_date": "dsgf",
      "cust_payment_terms": "sdg",
      "invoice_id": "erg",
      "business_name": null,
      "name_customer": null,
      "document_create_date1": null,
      "isOpen": null,
      "predicted": null,
      "aging_bucket": null,
      "area_business": null,
      "id": 6
    },
    {
      "sl_no": 11,
      "business_code": "asdf",
      "cust_number": "asdf",
      "clear_date": null,
      "buisness_year": "asdf",
      "doc_id": "asdf",
      "posting_date": "2020/05/14",
      "document_create_date": "2022/03/02",
      "due_in_date": "2022/03/04",
      "invoice_currency": "adsf",
      "document_type": "asdf",
      "posting_id": "adsf",
      "total_open_amount": "54",
      "baseline_create_date": "2022/03/16",
      "cust_payment_terms": "asdf",
      "invoice_id": "asfd",
      "business_name": null,
      "name_customer": null,
      "document_create_date1": null,
      "isOpen": null,
      "predicted": null,
      "aging_bucket": null,
      "area_business": null,
      "id": 7
    },
    {
      "sl_no": 47,
      "business_code": "adsf",
      "cust_number": "adsf",
      "clear_date": "2022-03-07",
      "buisness_year": "asdf",
      "doc_id": "asdffaf",
      "posting_date": "2022-03-01",
      "document_create_date": "2022-03-01",
      "due_in_date": "2022-03-01",
      "invoice_currency": "asdfasfd",
      "document_type": "asdfsadfasd",
      "posting_id": "fdfasdf",
      "total_open_amount": "54",
      "baseline_create_date": "2022-03-01",
      "cust_payment_terms": "asdfasdf",
      "invoice_id": "asdfasdf",
      "business_name": null,
      "name_customer": null,
      "document_create_date1": null,
      "isOpen": null,
      "predicted": null,
      "aging_bucket": null,
      "area_business": null,
      "id": 8
    },
    {
      "sl_no": 25,
      "business_code": "asdf",
      "cust_number": "asdfa",
      "clear_date": null,
      "buisness_year": "asdf",
      "doc_id": "asdf",
      "posting_date": "2020-12-12",
      "document_create_date": "2022-03-02",
      "due_in_date": "2020-12-15",
      "invoice_currency": "asdf",
      "document_type": "sdf",
      "posting_id": "asdf",
      "total_open_amount": "2546",
      "baseline_create_date": "2022-03-16",
      "cust_payment_terms": "asdf",
      "invoice_id": "asdf",
      "business_name": null,
      "name_customer": null,
      "document_create_date1": null,
      "isOpen": null,
      "predicted": null,
      "aging_bucket": null,
      "area_business": null,
      "id": 9
    },
    {
      "sl_no": 5,
      "business_code": "adsf",
      "cust_number": "asdf",
      "clear_date": "2022-03-01",
      "buisness_year": "asf",
      "doc_id": "asdf",
      "posting_date": "2022-03-12",
      "document_create_date": "2022-03-10",
      "due_in_date": "2022-03-07",
      "invoice_currency": "INR",
      "document_type": "asdf",
      "posting_id": "asdf",
      "total_open_amount": "45848",
      "baseline_create_date": "2022-03-16",
      "cust_payment_terms": "ApniTerms",
      "invoice_id": "asdf",
      "business_name": null,
      "name_customer": null,
      "document_create_date1": null,
      "isOpen": null,
      "predicted": null,
      "aging_bucket": null,
      "area_business": null,
      "id": 10
    }
  ]
}